  -- Medios: Mock data for Rosario, Argentina
  -- Run AFTER 001_initial_schema.sql in Supabase SQL Editor

  -- Clear existing data (optional - comment out if you want to append)
  TRUNCATE servicio_propiedad, presupuesto_propiedades, servicios, presupuestos, propiedades, productos, usuarios, clientes, anunciantes, formatos RESTART IDENTITY CASCADE;

  -- =============================================================================
  -- 1. FORMATOS (tipos de cartelera)
  -- =============================================================================
  INSERT INTO formatos (id, nombre) VALUES
    ('a1000001-0001-4000-8000-000000000001', 'Cartel 6x3'),
    ('a1000001-0001-4000-8000-000000000002', 'Valla 4x3'),
    ('a1000001-0001-4000-8000-000000000003', 'Marquesina'),
    ('a1000001-0001-4000-8000-000000000004', 'Tótem'),
    ('a1000001-0001-4000-8000-000000000005', 'Cartel 12x6'),
    ('a1000001-0001-4000-8000-000000000006', 'Valla 3x2'),
    ('a1000001-0001-4000-8000-000000000007', 'Pantalla LED'),
    ('a1000001-0001-4000-8000-000000000008', 'Backlight'),
    ('a1000001-0001-4000-8000-000000000009', 'Mupi'),
    ('a1000001-0001-4000-8000-00000000000a', 'Bandera');

  -- =============================================================================
  -- 2. USUARIOS
  -- =============================================================================
  INSERT INTO usuarios (id, email, nombre, rol) VALUES
    ('b2000001-0001-4000-8000-000000000001', 'admin@medios-rosario.com', 'María González', 'Admin'),
    ('b2000001-0001-4000-8000-000000000002', 'ventas@medios-rosario.com', 'Carlos Rodríguez', 'Ventas'),
    ('b2000001-0001-4000-8000-000000000003', 'compras@medios-rosario.com', 'Ana Martínez', 'Compras'),
    ('b2000001-0001-4000-8000-000000000004', 'jperez@medios-rosario.com', 'Juan Pérez', 'Ventas'),
    ('b2000001-0001-4000-8000-000000000005', 'mlopez@medios-rosario.com', 'Martín López', 'Admin'),
    ('b2000001-0001-4000-8000-000000000006', 'fsanchez@medios-rosario.com', 'Florencia Sánchez', 'Compras'),
    ('b2000001-0001-4000-8000-000000000007', 'dfernandez@medios-rosario.com', 'Diego Fernández', 'Ventas'),
    ('b2000001-0001-4000-8000-000000000008', 'lgarcia@medios-rosario.com', 'Laura García', 'Admin'),
    ('b2000001-0001-4000-8000-000000000009', 'pruiz@medios-rosario.com', 'Pablo Ruiz', 'Ventas'),
    ('b2000001-0001-4000-8000-00000000000a', 'cdiaz@medios-rosario.com', 'Claudia Díaz', 'Compras');

  -- =============================================================================
  -- 3. ANUNCIANTES (agencias / empresas que colocan avisos)
  -- =============================================================================
  INSERT INTO anunciantes (id, nombre) VALUES
    ('c3000001-0001-4000-8000-000000000001', 'Agencia Publicidad Rosario'),
    ('c3000001-0001-4000-8000-000000000002', 'Creativos del Paraná'),
    ('c3000001-0001-4000-8000-000000000003', 'Medios Exteriores Santa Fe'),
    ('c3000001-0001-4000-8000-000000000004', 'Cartelera Centro SRL'),
    ('c3000001-0001-4000-8000-000000000005', 'Publicidad Córdoba & Asoc'),
    ('c3000001-0001-4000-8000-000000000006', 'Impacto Visual Rosario'),
    ('c3000001-0001-4000-8000-000000000007', 'Oroño Publicidad'),
    ('c3000001-0001-4000-8000-000000000008', 'Vallas del Litoral'),
    ('c3000001-0001-4000-8000-000000000009', 'Exterior Plus'),
    ('c3000001-0001-4000-8000-00000000000a', 'Medios Urbanos Rosario');

  -- =============================================================================
  -- 4. CLIENTES
  -- =============================================================================
  INSERT INTO clientes (id, nombre) VALUES
    ('d4000001-0001-4000-8000-000000000001', 'Supermercado La Anónima'),
    ('d4000001-0001-4000-8000-000000000002', 'Farmacia del Pueblo'),
    ('d4000001-0001-4000-8000-000000000003', 'Banco Municipal de Rosario'),
    ('d4000001-0001-4000-8000-000000000004', 'Automotores Fiat Rosario'),
    ('d4000001-0001-4000-8000-000000000005', 'Universidad Nacional de Rosario'),
    ('d4000001-0001-4000-8000-000000000006', 'Restaurante El Cairo'),
    ('d4000001-0001-4000-8000-000000000007', 'Gimnasio Megatlon'),
    ('d4000001-0001-4000-8000-000000000008', 'Inmobiliaria Propiedades Rosario'),
    ('d4000001-0001-4000-8000-000000000009', 'Cervecería Santa Fe'),
    ('d4000001-0001-4000-8000-00000000000a', 'Clínica Sanatorio Parque');

  -- =============================================================================
  -- 5. PROPIEDADES (carteleras en Rosario)
  -- =============================================================================
  INSERT INTO propiedades (id, ref_n, ubicacion, localidad, descripcion, latlong, tipo_id, caras, base, altura, costo_colocacion, precio_mensual, disponible) VALUES
    ('e5000001-0001-4000-8000-000000000001', 'ROS-001', 'Av. Córdoba 1200', 'Rosario Centro', 'Cartel sobre Av. Córdoba, alto tránsito', '-32.94726, -60.64033', 'a1000001-0001-4000-8000-000000000001', 1, 6, 3, 15000, 8500, 'Disponible'),
    ('e5000001-0001-4000-8000-000000000002', 'ROS-002', 'Bv. Oroño 500', 'Rosario Pichincha', 'Valla frente a parque España', '-32.93665, -60.64724', 'a1000001-0001-4000-8000-000000000002', 1, 4, 3, 12000, 6500, 'Ocupado'),
    ('e5000001-0001-4000-8000-000000000003', 'ROS-003', 'San Martín 800', 'Rosario Centro', 'Marquesina peatonal', '-32.94632, -60.63695', 'a1000001-0001-4000-8000-000000000003', 2, 2, 1.5, 8000, 4200, 'Disponible'),
    ('e5000001-0001-4000-8000-000000000004', 'ROS-004', 'Pellegrini 2100', 'Rosario Alberdi', 'Tótem en esquina', '-32.96145, -60.66178', 'a1000001-0001-4000-8000-000000000004', 2, 1.2, 1.8, 6000, 3500, 'Disponible'),
    ('e5000001-0001-4000-8000-000000000005', 'ROS-005', 'Av. Corrientes 1500', 'Rosario Echesortu', 'Cartel 12x6 ruta', '-32.94882, -60.65431', 'a1000001-0001-4000-8000-000000000005', 1, 12, 6, 35000, 18000, 'Ocupado'),
    ('e5000001-0001-4000-8000-000000000006', 'ROS-006', 'Córdoba 600', 'Rosario Centro', 'Valla 3x2 peatonal', '-32.94312, -60.63245', 'a1000001-0001-4000-8000-000000000006', 1, 3, 2, 7000, 3800, 'Disponible'),
    ('e5000001-0001-4000-8000-000000000007', 'ROS-007', 'Bv. 27 de Febrero 1200', 'Rosario Norte', 'Pantalla LED dinámica', '-32.95678, -60.67214', 'a1000001-0001-4000-8000-000000000007', 1, 4, 3, 45000, 22000, 'Ocupado'),
    ('e5000001-0001-4000-8000-000000000008', 'ROS-008', 'Santa Fe 900', 'Rosario Centro', 'Backlight interior', '-32.94582, -60.63845', 'a1000001-0001-4000-8000-000000000008', 1, 2, 1, 5000, 2800, 'Disponible'),
    ('e5000001-0001-4000-8000-000000000009', 'ROS-009', 'Paraguay 400', 'Rosario Pichincha', 'Mupi parada colectivo', '-32.94215, -60.64321', 'a1000001-0001-4000-8000-000000000009', 2, 1.2, 1.7, 4000, 2100, 'Disponible'),
    ('e5000001-0001-4000-8000-00000000000a', 'ROS-010', 'Av. Belgrano 1800', 'Rosario Sur', 'Bandera sobre avenida', '-32.89876, -60.68765', 'a1000001-0001-4000-8000-00000000000a', 1, 3, 2, 5500, 3200, 'Disponible');

  -- =============================================================================
  -- 6. PRESUPUESTOS
  -- =============================================================================
  INSERT INTO presupuestos (id, numero, fecha, cliente_id, anunciante_id, estado, version) VALUES
    ('f6000001-0001-4000-8000-000000000001', 'P-0001', '2024-01-15', 'd4000001-0001-4000-8000-000000000001', 'c3000001-0001-4000-8000-000000000001', 'Aprobado', 1),
    ('f6000001-0001-4000-8000-000000000002', 'P-0002', '2024-02-01', 'd4000001-0001-4000-8000-000000000002', 'c3000001-0001-4000-8000-000000000002', 'Aprobado', 1),
    ('f6000001-0001-4000-8000-000000000003', 'P-0003', '2024-02-20', 'd4000001-0001-4000-8000-000000000003', 'c3000001-0001-4000-8000-000000000003', 'Borrador', 2),
    ('f6000001-0001-4000-8000-000000000004', 'P-0004', '2024-03-05', 'd4000001-0001-4000-8000-000000000004', 'c3000001-0001-4000-8000-000000000004', 'Enviado', 1),
    ('f6000001-0001-4000-8000-000000000005', 'P-0005', '2024-03-18', 'd4000001-0001-4000-8000-000000000005', 'c3000001-0001-4000-8000-000000000005', 'Aprobado', 1),
    ('f6000001-0001-4000-8000-000000000006', 'P-0006', '2024-04-02', 'd4000001-0001-4000-8000-000000000006', 'c3000001-0001-4000-8000-000000000006', 'Rechazado', 1),
    ('f6000001-0001-4000-8000-000000000007', 'P-0007', '2024-04-22', 'd4000001-0001-4000-8000-000000000007', 'c3000001-0001-4000-8000-000000000007', 'Aprobado', 1),
    ('f6000001-0001-4000-8000-000000000008', 'P-0008', '2024-05-10', 'd4000001-0001-4000-8000-000000000008', 'c3000001-0001-4000-8000-000000000008', 'Borrador', 1),
    ('f6000001-0001-4000-8000-000000000009', 'P-0009', '2024-05-28', 'd4000001-0001-4000-8000-000000000009', 'c3000001-0001-4000-8000-000000000009', 'Enviado', 1),
    ('f6000001-0001-4000-8000-00000000000a', 'P-0010', '2024-06-12', 'd4000001-0001-4000-8000-00000000000a', 'c3000001-0001-4000-8000-00000000000a', 'Aprobado', 1);

  -- =============================================================================
  -- 7. PRESUPUESTO_PROPIEDADES (detalle presupuesto-propiedad)
  -- =============================================================================
  INSERT INTO presupuesto_propiedades (presupuesto_id, propiedad_id, costo_colocacion, precio_mensual) VALUES
    ('f6000001-0001-4000-8000-000000000001', 'e5000001-0001-4000-8000-000000000001', 15000, 8500),
    ('f6000001-0001-4000-8000-000000000002', 'e5000001-0001-4000-8000-000000000002', 12000, 6500),
    ('f6000001-0001-4000-8000-000000000003', 'e5000001-0001-4000-8000-000000000003', 8000, 4200),
    ('f6000001-0001-4000-8000-000000000003', 'e5000001-0001-4000-8000-000000000004', 6000, 3500),
    ('f6000001-0001-4000-8000-000000000004', 'e5000001-0001-4000-8000-000000000005', 35000, 18000),
    ('f6000001-0001-4000-8000-000000000005', 'e5000001-0001-4000-8000-000000000006', 7000, 3800),
    ('f6000001-0001-4000-8000-000000000005', 'e5000001-0001-4000-8000-000000000008', 5000, 2800),
    ('f6000001-0001-4000-8000-000000000007', 'e5000001-0001-4000-8000-000000000007', 45000, 22000),
    ('f6000001-0001-4000-8000-000000000008', 'e5000001-0001-4000-8000-000000000009', 4000, 2100),
    ('f6000001-0001-4000-8000-000000000009', 'e5000001-0001-4000-8000-00000000000a', 5500, 3200);

  -- =============================================================================
  -- 8. SERVICIOS (contratos activos/históricos)
  -- =============================================================================
  INSERT INTO servicios (id, numero, inicio, fin, cliente_id, anunciante_id, presupuesto_id) VALUES
    ('67000001-0001-4000-8000-000000000001', 'S-0001', '2024-02-01', '2025-01-31', 'd4000001-0001-4000-8000-000000000001', 'c3000001-0001-4000-8000-000000000001', 'f6000001-0001-4000-8000-000000000001'),
    ('67000001-0001-4000-8000-000000000002', 'S-0002', '2024-03-01', '2025-02-28', 'd4000001-0001-4000-8000-000000000002', 'c3000001-0001-4000-8000-000000000002', 'f6000001-0001-4000-8000-000000000002'),
    ('67000001-0001-4000-8000-000000000003', 'S-0003', '2024-04-01', '2024-09-30', 'd4000001-0001-4000-8000-000000000005', 'c3000001-0001-4000-8000-000000000005', 'f6000001-0001-4000-8000-000000000005'),
    ('67000001-0001-4000-8000-000000000004', 'S-0004', '2024-05-01', '2025-04-30', 'd4000001-0001-4000-8000-000000000007', 'c3000001-0001-4000-8000-000000000007', 'f6000001-0001-4000-8000-000000000007'),
    ('67000001-0001-4000-8000-000000000005', 'S-0005', '2024-01-01', '2024-06-30', 'd4000001-0001-4000-8000-000000000006', 'c3000001-0001-4000-8000-000000000006', 'f6000001-0001-4000-8000-000000000006'),
    ('67000001-0001-4000-8000-000000000006', 'S-0006', '2024-06-01', '2025-05-31', 'd4000001-0001-4000-8000-00000000000a', 'c3000001-0001-4000-8000-00000000000a', 'f6000001-0001-4000-8000-00000000000a'),
    ('67000001-0001-4000-8000-000000000007', 'S-0007', '2023-09-01', '2024-08-31', 'd4000001-0001-4000-8000-000000000003', 'c3000001-0001-4000-8000-000000000003', 'f6000001-0001-4000-8000-000000000003'),
    ('67000001-0001-4000-8000-000000000008', 'S-0008', '2024-07-01', '2024-12-31', 'd4000001-0001-4000-8000-000000000004', 'c3000001-0001-4000-8000-000000000004', 'f6000001-0001-4000-8000-000000000004'),
    ('67000001-0001-4000-8000-000000000009', 'S-0009', '2024-08-01', '2025-07-31', 'd4000001-0001-4000-8000-000000000009', 'c3000001-0001-4000-8000-000000000009', 'f6000001-0001-4000-8000-000000000009'),
    ('67000001-0001-4000-8000-00000000000a', 'S-0010', '2024-03-15', '2024-09-14', 'd4000001-0001-4000-8000-000000000008', 'c3000001-0001-4000-8000-000000000008', 'f6000001-0001-4000-8000-000000000008');

  -- =============================================================================
  -- 9. SERVICIO_PROPIEDAD (detalle contrato-propiedad)
  -- =============================================================================
  INSERT INTO servicio_propiedad (sp_servicio, sp_propiedad, sp_inicio, sp_fin) VALUES
    ('67000001-0001-4000-8000-000000000001', 'e5000001-0001-4000-8000-000000000001', '2024-02-01', '2025-01-31'),
    ('67000001-0001-4000-8000-000000000002', 'e5000001-0001-4000-8000-000000000002', '2024-03-01', '2025-02-28'),
    ('67000001-0001-4000-8000-000000000003', 'e5000001-0001-4000-8000-000000000006', '2024-04-01', '2024-09-30'),
    ('67000001-0001-4000-8000-000000000003', 'e5000001-0001-4000-8000-000000000008', '2024-04-01', '2024-09-30'),
    ('67000001-0001-4000-8000-000000000004', 'e5000001-0001-4000-8000-000000000007', '2024-05-01', '2025-04-30'),
    ('67000001-0001-4000-8000-000000000005', 'e5000001-0001-4000-8000-000000000003', '2024-01-01', '2024-06-30'),
    ('67000001-0001-4000-8000-000000000006', 'e5000001-0001-4000-8000-00000000000a', '2024-06-01', '2025-05-31'),
    ('67000001-0001-4000-8000-000000000007', 'e5000001-0001-4000-8000-000000000003', '2023-09-01', '2024-08-31'),
    ('67000001-0001-4000-8000-000000000008', 'e5000001-0001-4000-8000-000000000005', '2024-07-01', '2024-12-31'),
    ('67000001-0001-4000-8000-000000000009', 'e5000001-0001-4000-8000-00000000000a', '2024-08-01', '2025-07-31'),
    ('67000001-0001-4000-8000-00000000000a', 'e5000001-0001-4000-8000-000000000009', '2024-03-15', '2024-07-31');

  -- =============================================================================
  -- 10. PRODUCTOS (para módulo Compras)
  -- =============================================================================
  INSERT INTO productos (id, nombre, stock) VALUES
    ('78000001-0001-4000-8000-000000000001', 'Vinilo reflectivo 3M', 45),
    ('78000001-0001-4000-8000-000000000002', 'Vinilo mate exterior', 120),
    ('78000001-0001-4000-8000-000000000003', 'Tornillos expansión M8', 0),
    ('78000001-0001-4000-8000-000000000004', 'Cable eléctrico 2.5mm', 85),
    ('78000001-0001-4000-8000-000000000005', 'Focos LED 50W', 32),
    ('78000001-0001-4000-8000-000000000006', 'Estructura metálica 6x3', 8),
    ('78000001-0001-4000-8000-000000000007', 'Pintura antirreflectante', 0),
    ('78000001-0001-4000-8000-000000000008', 'Sellador silicona', 24),
    ('78000001-0001-4000-8000-000000000009', 'Barras fluorescentes', 56),
    ('78000001-0001-4000-8000-00000000000a', 'Soporte aluminio tótem', 15);
